Lbar_ID,Sequence
LbarID_0201,CGTATTATATGCAAGGTCGC
LbarID_0202,GACTGTAGAGAGACGATCCA
LbarID_0203,GACTTACACTTACGTCCGAA
LbarID_0204,GTAGCGACATTGAGTTAGCA
LbarID_0205,TAGTCGTGAGATAGCGATTC
LbarID_0206,TCTGTCGTACTGCTATCAGG
LbarID_0207,AAGTTCGCAAACGTGTAGAC
LbarID_0208,ACGTCTGAACACTCATTACG
LbarID_0209,AGGTCATAACAGTTGAGACG
LbarID_0210,AGGTCATGCAAGTAACGATC
LbarID_0211,ATCTCCATAACCGTGATCGA
LbarID_0212,ATCTCGACACAAGCTAATCG
LbarID_0213,ATCTCGCTAACCTCTGAGTA
LbarID_0214,CAGGTGCTAAGACTCTGTAA
LbarID_0215,CAGTAACGGTTCTACAAGGA
LbarID_0216,CGTCAAGTATCTCACACGAG
LbarID_0217,GACTTATACGTCATGCGACC
LbarID_0218,GCGTTTAATGTGAGCTACGA
LbarID_0219,GTGTTTATACGTTGAGCACG
LbarID_0220,GTGTTTGACTAGCGTCTACC
LbarID_0221,GTTAATTCATCTAGCGCGAC
LbarID_0222,TCTGTTCAGTATCCAGTCAC
LbarID_0223,TCTGTTGAGAGCTGAGTCTA
LbarID_0224,AATAACATAACGCCCTGTCG
LbarID_0225,AATACACTAAAGCTCGGTCC
LbarID_0226,ACGTGAACAATTCCACACTG
LbarID_0227,ACGTGCCTAAAGTGTACTAC
LbarID_0228,AGGTCGTTAAGAGGCAATAC
LbarID_0229,AGGTCTTGACAATAAGGACG
LbarID_0230,ATCTCTACAACCGCTATGAG
LbarID_0231,ATCTGACTAACGATGATGCC
LbarID_0232,CAGTACACATAAGTAGCGCG
LbarID_0233,CGAGATGTACGCACAAGATC
LbarID_0234,CGAGATTACAATTCACGAGC
LbarID_0235,CGAGCAATACATACATCTGC
LbarID_0236,GAGACAGGAGTGACTACATT
LbarID_0237,GCGTTTCTAATGTCCACTAC
LbarID_0238,GCTACCACCTACGTGTATAT
LbarID_0239,GTTACGCGAGAGGTCATTAC
LbarID_0240,TAGTGCAGATGACGTTAGTC
LbarID_0241,TAGTTATACTGTACGTGGCC
LbarID_0242,TCTTAGGTACTTGCAGTGAC
LbarID_0243,TCTTATGAGATGTAGCTCGC
LbarID_0244,AATAGACTAAAGCGTGTGCC
LbarID_0245,ACGTGTAAAGTCGTCACAAC
LbarID_0246,AGGTTCATACAACGTCAGAC
LbarID_0247,ATCTGCTGACACACACTAAG
LbarID_0248,ATCTGGGTAAATAGGTACGC
LbarID_0249,CAGTCAACGTAGTCTAACGC
LbarID_0250,CGAGCGATAATCAAGTCGAG
LbarID_0251,CGTCACGTACATCACTATGA
LbarID_0252,CGTCAGAGACACTGGAATAG
LbarID_0253,GAGACATTAGAGATACGCCT
LbarID_0254,GCTACTTACGACTCCGAGAT
LbarID_0255,TAGTTATCAGAGTGACTGCG
LbarID_0256,TAGTTCATACGCGGTAGACA
LbarID_0257,TCTTCGATATGATAGCGTCG
LbarID_0258,TCTTCGTGACTCCTCGATAA
LbarID_0259,AATAGCGTAAACTCTGACCC
LbarID_0260,AATAGTATAAAGTCGCGCCC
LbarID_0261,AATAGTCGAAACTGCTAGGC
LbarID_0262,ACGTTAATAAGAACTCGCCC
LbarID_0263,ACGTTACTAAACCACACTGG
LbarID_0264,ACGTTATACCACCAACTAGG
LbarID_0265,ACGTTCGTAAATAAGAGGCC
LbarID_0266,AGTAACAGTCGTGAACATCG
LbarID_0267,ATCTGTATAGACAAACCGCG
LbarID_0268,ATCTGTGCAACCATAGTACC
LbarID_0269,ATCTTAATAACGTGTCCGCC
LbarID_0270,CAGTCGATACACAGCACTAT
LbarID_0271,CAGTCGCTACCAACTTATGA
LbarID_0272,CGTCAGTAATACGAGCTACA
LbarID_0273,GAGACGTGACAGTAGTTACC
LbarID_0274,GAGACTTTACTAGACGAGCA
LbarID_0275,GCTAGAAGTTCGTCGAGTAT
LbarID_0276,GCTAGATGACGATCAGGTAC
LbarID_0277,GCTAGGTGACAGTATGCTAT
LbarID_0278,GTAGTACACGGAGTGATCCT
LbarID_0279,GTAGTACGAGCTGAGACTCT
LbarID_0280,GTTAGAGTACGCTAGTTGCA
LbarID_0281,GTTAGATCATAGTCACCGCG
LbarID_0282,TAGTTTCCACTGACTCTACG
LbarID_0283,TAGTTTCGACTCGTATGCAC
LbarID_0284,TGACATTTCTCCACGAGTAC
LbarID_0285,TGACCGTGGGAGTTACTATC
LbarID_0286,AATCCCTGAAACTAGACTCG
LbarID_0287,AATCGGCTAAACTATACCCG
LbarID_0288,ACGTTGTGAAAGGTGTCATC
LbarID_0289,ACGTTTCGACACTAACAGAG
LbarID_0290,AGTAAGGGAACATCGGTATC
LbarID_0291,AGTAATTTAACTAGGGCGCG
LbarID_0292,ATCTTACGAACGGCAAGTAC
LbarID_0293,ATCTTCAACGAGTTAGACGC
LbarID_0294,ATCTTCCTAACGATCTGTCG
LbarID_0295,CAGTGGAACGTAGGTTAAAC
LbarID_0296,CGAGGAGGAAGTACCTTACA
LbarID_0297,CGTCATGTACCATCAAGTCG
LbarID_0298,CGTCATTACCACGACTGATA
LbarID_0299,CGTCATTGAGAATACGTTCG
LbarID_0300,CGTCATTTAAGTTAGCGCAC
LbarID_0301,AGAGATAACGAACGGTCCTT
LbarID_0302,AGAGCATGAAATAGTCGTCC
LbarID_0303,ATACGTCGAACCATCTTACG
LbarID_0304,CGCTTACGAAGGATTGGTAC
LbarID_0305,CTCTCGCAATAGCATTACGA
LbarID_0306,CTCTCGGTAAGTCAGTAGAC
LbarID_0307,GGTAGCTTAGCAGATAGTCA
LbarID_0308,TACGTGCTAGGAGATGTAAC
LbarID_0309,TCGATCACAGGTTCGTAGAA
LbarID_0310,TCGATGCACTGATGTCACTA
LbarID_0311,ACCGTCTTAAAGTTACGACC
LbarID_0312,AGAGCTTTAACGAGGAAGTC
LbarID_0313,AGAGGGTAACAGAGTATCCT
LbarID_0314,ATACGTTTAAGCACGCACAC
LbarID_0315,ATACTAATAACTCACGCCGG
LbarID_0316,CGGAAGACGGTGTAATACTC
LbarID_0317,CTACTTTCAATGACAGTCGC
LbarID_0318,CTACTTTGAATCACTACGCG
LbarID_0319,GGTAGTGACGATGTCTTCAT
LbarID_0320,GGTAGTGTACGCTGATCTAT
LbarID_0321,GTCTCTAGCATTATCGAGCA
LbarID_0322,TACGTTACCGTTACTCAGTC
LbarID_0323,TCGCAGTTACTCTGATACTC
LbarID_0324,ACCGTGCTAAAGTAACACTC
LbarID_0325,ACCGTGTAACAGAAATGTCG
LbarID_0326,AGAGTACGAAATCTAGCTCC
LbarID_0327,AGAGTATAACATCTCACCCG
LbarID_0328,AGAGTCTCAAATCGTCAGAG
LbarID_0329,ATACTCGAACCAGTTTCACG
LbarID_0330,ATACTGGAACCGATCTACAC
LbarID_0331,GTAGTCGTACTCATGCTGAC
LbarID_0332,GTAGTGCAGGATCGTCATAT
LbarID_0333,GTTAGGCTAGAGCGTATCTC
LbarID_0334,GTTAGTCGATCAGTAGAGCA
LbarID_0335,TGACGTTGAGGACTTAGTTC
LbarID_0336,AATGTTCGACAAGTAACGCG
LbarID_0337,ACTAACCTAAATCACTGCGG
LbarID_0338,ACTAACGAACACTTATCGCG
LbarID_0339,ACTAAGCGAAATCACGTTCC
LbarID_0340,AGTACACGAACGAATCTTCC
LbarID_0341,AGTACATTAACCTACGCGAC
LbarID_0342,ATCTTCTCACAAGCAGTACG
LbarID_0343,CAGTGTCGAGAACGGTTTAC
LbarID_0344,CGAGTACCAATAGGTCACAG
LbarID_0345,CGTCCAGTACACTACGATAG
LbarID_0346,GAGCAATGCGTATAGCGATA
LbarID_0347,GCTATCGTACACTCCTTTGA
LbarID_0348,GCTATGTTACCGTACCGTAG
LbarID_0349,GTAGTGTACTCCCAAGTCCT
LbarID_0350,GTTATACGGTGACTCATCCC
LbarID_0351,GTTATCGACTACGCTGTACT
LbarID_0352,TGACTATACCGTCTTCGATC
LbarID_0353,TGACTCTGACGTTAGGTACT
LbarID_0354,TGACTGCTATCTACGTTAGG
LbarID_0355,TGACTTCTACGTGGCGATAT
LbarID_0356,AATTACCTAAAGCGCACTCG
LbarID_0357,AATTACGGAAAGCGAGTTCG
LbarID_0358,AATTACTAACACCGACTGCG
LbarID_0359,ACTAATATAACAGCGTCGCC
LbarID_0360,ACTACAATAACATCGCGTCG
LbarID_0361,ACTACACGAAATTACCGTCG
LbarID_0362,AGTACCATAACCGACTACGG
LbarID_0363,AGTACCCAACCCTAGTAGAG
LbarID_0364,ATGAACATACTATACCGCGC
LbarID_0365,ATGAAGTCAACGCATGGTAC
LbarID_0366,ATGACACTAACTAAGTCGCC
LbarID_0367,ATGACATTAACGTAGCACCC
LbarID_0368,CAGTTTCTAAGAGGCGAGAC
LbarID_0369,CGAGTCCTACATAATCGTCA
LbarID_0370,CGAGTCTCACAGCAATCTAG
LbarID_0371,CGTCCTACACATCTTAGTGA
LbarID_0372,CGTCGAGCAATATGAATGAC
LbarID_0373,GAGCAGTTAGGACAGTCTAC
LbarID_0374,GAGCATAATGACGTAGACCG
LbarID_0375,GCTCATGTACGCCTAAGATC
LbarID_0376,GTAGTTGTAATTTGCGCGAC
LbarID_0377,GTTATCTACGGATCATGCGA
LbarID_0378,GTTATTGCAGACTAGGCGTA
LbarID_0379,TATACGCTACTTCAGCTCGA
LbarID_0380,TGAGACGGCTGAGTATTCTA
LbarID_0381,ACAACATAAAGTTCGCTCCG
LbarID_0382,ACAACTCTAAATACGGCTCG
LbarID_0383,ACTACTCGAAAGTCGGATAC
LbarID_0384,ACTACTTAACAGAATCGCGC
LbarID_0385,AGTACCTCAACCCAGTTAGA
LbarID_0386,CATAATACACATACGCTGCG
LbarID_0387,CGAGTGTCACATACCACATA
LbarID_0388,CGAGTTACAGAGAGTACACG
LbarID_0389,CGTCGCAGAGAGATACACTA
LbarID_0390,CGTCGCGTACAATTACTTAC
LbarID_0391,GCTCGATAATGGCTACTACC
LbarID_0392,GTATAGAGCTAGTGACTCCG
LbarID_0393,GTATAGGAATTGTGCGTCAC
LbarID_0394,GTTCACATCTTACTCCGAGA
LbarID_0395,GTTCAGTTACCTGGATACGT
LbarID_0396,TATACTCGATTCCACGTCGT
LbarID_0397,TATACTGACCTTATCGGCAC
LbarID_0398,TGAGCTAGAGAGTCGTATCT
LbarID_0399,ACAATCTAACACGACCTGGT
LbarID_0400,ACTACTTGAAATCATCCGCG
LbarID_0401,ACTAGACTAAATTCGACCCG
LbarID_0402,ATGACTAACGCCTATACACG
LbarID_0403,ATGAGCCTAACCTCTCTAGT
LbarID_0404,CATACACGACAATAGCTTCG
LbarID_0405,CATACGTCACGAGAAGCTAC
LbarID_0406,CGAGTTCAATATACCGACCA
LbarID_0407,CGAGTTGGAAGTACGTCTAA
LbarID_0408,CGATAAACACCAGTACCTGT
LbarID_0409,GAGCGATACATCTATGCAGA
LbarID_0410,GTATATGACCTAGTGCCACG
LbarID_0411,GTTCATATACGTGAGCAGCA
LbarID_0412,GTTCCATACTACGCTTGACG
LbarID_0413,TGAGCTATACTCGTCGTCAG
LbarID_0414,TGAGCTGACTACTTCGTATC
LbarID_0415,TGAGGTGTACTGTCATATCC
LbarID_0416,ACACAGTAACACATTGTCGC
LbarID_0417,ACACATATAAATCTCGCGGC
LbarID_0418,ACTAGGGTAAAGTGCGTCAA
LbarID_0419,ACTATACTAACAGCACGTCG
LbarID_0420,AGTAGACTAACCGATATGCC
LbarID_0421,AGTAGGAGAACGAATTGTCC
LbarID_0422,ATGAGCTGAACCGTGATTAC
LbarID_0423,CATATCGCAAGATCGTCGAA
LbarID_0424,CATCCGATACACCAGGTAGA
LbarID_0425,CGATACCGAAGTCCAGATAC
LbarID_0426,CGATAGAGACATAGACTGCG
LbarID_0427,GAGCGGTTACATAGTCGATC
LbarID_0428,GCTCGTGTACGGAATGTTAA
LbarID_0429,TATAGTATCGAGGAGCGACC
LbarID_0430,TGAGTGATAGCTCGGATCTC
LbarID_0431,TGAGTTTACGTGTATGGCAC
LbarID_0432,ACACCGAAATAACTCTCGTG
LbarID_0433,ACTATATCACAACAGGCGTG
LbarID_0434,ACTATCAAATATGACCCGCG
LbarID_0435,ACTATCACAAATTCACGGCG
LbarID_0436,ACTATCGGAAATCACTACCG
LbarID_0437,AGTAGGTAACCCACTCACAG
LbarID_0438,AGTAGTAACCATTAAGCCGC
LbarID_0439,AGTAGTCCAAATTCGGGTAC
LbarID_0440,ATGATATTAACGGCTACGCC
LbarID_0441,ATGATGATAACTACGTGCCC
LbarID_0442,ATGATGCTAACCTGTCACAC
LbarID_0443,CATCGGATACACGCATACAG
LbarID_0444,CGTCTAGGAGCAATACTACG
LbarID_0445,CGTCTATGACAATGGCCTAC
LbarID_0446,GAGCGTATAGGAGATCCAAC
LbarID_0447,GAGCGTGTAATCCGATCTAA
LbarID_0448,GTATCGACAGTAGGGTATCC
LbarID_0449,GTATCGGGACATCGGTCTAT
LbarID_0450,GTTCGTAGAGATGATCGTCA
LbarID_0451,GTTCGTATAGCGTACTGCAT
LbarID_0452,TATAGTGCAGGGTACTCTGA
LbarID_0453,TGATACTGAGTTAGCGAGCT
LbarID_0454,TGATACTTAGGTCACGTCGA
LbarID_0455,ACTATTATACACTACCGGCG
LbarID_0456,ACTATTCGACAATTACGGCG
LbarID_0457,AGTATAGCAACCTCAACTCG
LbarID_0458,AGTATATTAACCGCCCACAG
LbarID_0459,AGTATCGAACATGAGGTACG
LbarID_0460,AGTATCTAACCATCCTGACG
LbarID_0461,ATGATTAACTAGACACCGCC
LbarID_0462,ATGATTGAACGCCTACGAAC
LbarID_0463,ATGCACTTAACGCTAGGTAC
LbarID_0464,CATCGTAGAAGCACTGAGAC
LbarID_0465,CATCGTTCAAGATTCGGTAC
LbarID_0466,CATCTACGAAGCGATAGGAC
LbarID_0467,CGATCTACAGAGGAATACGG
LbarID_0468,GTATCGGTAATTGCGGTACT
LbarID_0469,GTTCTAGTACCGCATCTCAG
LbarID_0470,GTTCTATCACGTCATCGCAA
LbarID_0471,TATCAGCCATGCGTACTCTA
LbarID_0472,TATCAGCTAGTATCACTCGC
LbarID_0473,TATCATGTAGACTCGGAGGC
LbarID_0474,TGATCTGTACTTCCAGTCAC
LbarID_0475,AGTATCTGAACATCGTCACC
LbarID_0476,AGTCACACAATACACTCTGG
LbarID_0477,ATGCGAATAACTATGACGCC
LbarID_0478,CGATCTTCACAGAGACATCA
LbarID_0479,CGTCTGTAAGCTGGAGTAAT
LbarID_0480,GAGGATCGAATACTGTCGTA
LbarID_0481,GCTGAGATAGCACTCGATAC
LbarID_0482,GTATCTCACGATCTTGCAGA
LbarID_0483,GTATGACTACCTGCACTCAG
LbarID_0484,GTTCTCGTACTAGCTTCAGA
LbarID_0485,TATCCATACGTCGTGACTCA
LbarID_0486,TATCCGGTAGACGGGTTATC
LbarID_0487,TGATTAGTATCTAGGCGCAC
LbarID_0488,TGATTCTGACTGTCGATGAC
LbarID_0489,ACACTAATAAATGCGCGTCC
LbarID_0490,ACACTAGAACACCGTACTGT
LbarID_0491,ACACTATTAAAGCTGCTCCG
LbarID_0492,ACTCAGAAATATACGTCCGC
LbarID_0493,ACTCAGCTAAAGTGGTAGAC
LbarID_0494,ACTCCAATAACAGGTACTCG
LbarID_0495,AGTCAGTCAACATGCTAGAC
LbarID_0496,AGTCAGTTAAGATCAACGCC
LbarID_0497,ATGCGGTTAAGCGGTAATAC
LbarID_0498,ATGCTACGAACTACCAATCG
LbarID_0499,CATGCGACAAGATGTTAGAC
LbarID_0500,CATGCTAGAAGAGGTGTACC
LbarID_0501,CGTCTTGCACCTTACAGTAG
LbarID_0502,GAGGGATCAATCGTGACTAC
LbarID_0503,GTATGATTACGGAGTACGCT
LbarID_0504,GTATGTACCGCTTACGAGTC
LbarID_0505,GTTCTGATAGCAGTAGAGCT
LbarID_0506,TATCGACTATCCCTGAGACG
LbarID_0507,TATCGCATAGATCAGTGAGC
LbarID_0508,TATCGGGACTCCTGACATAC
LbarID_0509,ACTCCAGTAAATCACGTAGC
LbarID_0510,ACTCCGACAAATCATAGTGC
LbarID_0511,ACTCCGTAACACTCTTAGGA
LbarID_0512,AGTCATCTAACATTCCGACG
LbarID_0513,AGTCCATGACAACGTACACT
LbarID_0514,ATGCTACTAACGCGGACTAA
LbarID_0515,ATGCTCCAACGATACATACG
LbarID_0516,ATGGACGTAACGCAGTCTAA
LbarID_0517,CATTACTTACACACGAGCGA
LbarID_0518,CGATGGGTACGAAGTCATAA
LbarID_0519,CGTGAAGTACGTGACAAGTA
LbarID_0520,CGTGAATTACATCAGACAGC
LbarID_0521,GAGGGTTGACGACCTTACTA
LbarID_0522,GAGGTAGAATCGTCTCGACA
LbarID_0523,GAGGTATTACGACTACGTCC
LbarID_0524,GCTGTCGGACTAATGTGATC
LbarID_0525,GTATTAGACTCGATCCGACG
LbarID_0526,TATCGTCCACGTCATCTGAT
LbarID_0527,ACTCGAATAACAGCATCTCG
LbarID_0528,AGTCCTCTAAATGTGGTACG
LbarID_0529,AGTCGATAAGAATACTGCGG
LbarID_0530,AGTCGCACAACATTACTACG
LbarID_0531,CATTATCGAAGCACGGTACA
LbarID_0532,CATTGTAACTGACGACACAC
LbarID_0533,CGATGTGTAAGGACTGCTAA
LbarID_0534,CGATGTTTAAGTCCACAGAC
LbarID_0535,GAGGTCTCAATCCGTACTAC
LbarID_0536,GAGGTGACATGACGTACATC
LbarID_0537,GAGTACATCGGAGGACTAAC
LbarID_0538,GTTGCGTACTCCTACTACTG
LbarID_0539,TATCGTTGACTAGGTAGGCA
LbarID_0540,TATCTATACGATTGGGTCGC
LbarID_0541,ACTCGCATAAACGACAGTCT
LbarID_0542,ACTCGCTTAAAGTTCATCCG
LbarID_0543,AGTCGCTAACCATAAGACCT
LbarID_0544,AGTCGCTCACAACCTATAAG
LbarID_0545,ATGGCTGTAACCTTGAGTAC
LbarID_0546,CCAAGGAGACTACACGATCT
LbarID_0547,CCACGGAACTTAATAGTCGA
LbarID_0548,CCACGTTAAGTCCGAATACG
LbarID_0549,CGATTCTGACCACATACGAG
LbarID_0550,CGCAACCTTTCGTACAAGTA
LbarID_0551,CGCAATAAGTCTAGCTCACT
LbarID_0552,GAGTATAGCGAGAGCTTCAT
LbarID_0553,GCTTCATTACTACTATGCGC
LbarID_0554,GTATTTGTACGTCGCAGGAC
LbarID_0555,GTCACATACTTCACCGTAGG
LbarID_0556,GTTGCTACCTAGTCTACCAT
LbarID_0557,GTTGCTATATCGTAGGAGCC
LbarID_0558,TATGACGTATAGGGTCCAGC
LbarID_0559,TGCGGAGAGTGATATACTTC
LbarID_0560,TGCGGTCTACTGCTATACTA
LbarID_0561,ACTCGTCTAAAGGTGTAGCA
LbarID_0562,ACTCGTGGAAAGTTAGGTAC
LbarID_0563,AGTCGTACAGAACTCGATAC
LbarID_0564,AGTCGTCGAAATTAGTAGCC
LbarID_0565,AGTCGTGAAGAACTCATACG
LbarID_0566,ATGGTAACGTACTATCACCC
LbarID_0567,ATGGTCGTACAAGACGTAGA
LbarID_0568,CCACTATTAAGGAGCGACAC
LbarID_0569,CGCACAGTACATAGGAATCC
LbarID_0570,CGTGCTCTACACTAGCTTAG
LbarID_0571,GAGTCAATGCTATGAGACGA
LbarID_0572,GCTTCGACGTTACTCACTAT
LbarID_0573,GTTGTCCTACCTCTGACTAG
LbarID_0574,TATGAGGGACGTGTCTACTC
LbarID_0575,TATGATACCTTCGTACCGGA
LbarID_0576,TATGCACTACTCTCATCGAG
LbarID_0577,TGCGTGCTAGATGTAGACTT
LbarID_0578,ACTCTATCAAACGAGATCCG
LbarID_0579,ACTCTCGAACACTATTGACG
LbarID_0580,AGTCGTGTAACCATGTGACA
LbarID_0581,AGTCGTTTAACTGAACCGAG
LbarID_0582,AGTCTACAACATTAGCACGC
LbarID_0583,ATGGTGATAACCTGTCTACC
LbarID_0584,CCACTTAGAAGGACTACGAC
LbarID_0585,CGCACGCTACAGACTATTAT
LbarID_0586,GAGTCGGAATCGGTTATACT
LbarID_0587,GCTTGACTACGACTTAGCAC
LbarID_0588,GTCACGGTACGTTATACTCA
LbarID_0589,TGCGTGTGACTATTGATACG
LbarID_0590,ACACTTATACACACACGGTG
LbarID_0591,ACTCTGATAAATCCGACACG
LbarID_0592,ACTCTGTAACACGTTTAGCC
LbarID_0593,ACTCTGTGAAAGTGGGTTAC
LbarID_0594,ACTCTTCAACACTTCTAGGG
LbarID_0595,AGTCTCGTAACATGCGATAC
LbarID_0596,AGTCTCTGACAACATTGAGC
LbarID_0597,AGTCTGCTAAATTGTCCGAC
LbarID_0598,AGTCTGTTAAGATATGCGCC
LbarID_0599,ATGTAGCGAACGTACTCACA
LbarID_0600,ATGTAGTAACGCTCAGTACC
LbarID_0601,ATGTATGAACGTCACGCAAG
LbarID_0602,ATGTATTAACGGTACTGCCC
LbarID_0603,CCAGACGTAAGCGACTATAC
LbarID_0604,GAGTGAGTAATGCTACGTCA
LbarID_0605,GGACAGATGGTACGTCATTA
LbarID_0606,GTTTACCTATGTCTACGCCG
LbarID_0607,GTTTAGGTACTCCCTCACGA
LbarID_0608,GTTTATCACACGCTCCTAGA
LbarID_0609,TATGTACTCGTATCGACGCA
LbarID_0610,TATGTAGTACGTGCGGACTT
LbarID_0611,TGCTAGTTAGGAGTATCGCA
LbarID_0612,TGCTCGATACTCTCTCTGAG
LbarID_0613,ACACTTCAACAATCGTAGCG
LbarID_0614,ACACTTCCAAAGATACTGCG
LbarID_0615,ACTGACATAACATACGGTCC
LbarID_0616,ACTGACTAACAGCTAATCCG
LbarID_0617,AGTCTTATACAGCGAACTCG
LbarID_0618,AGTCTTGGAACAGTGAGTAC
LbarID_0619,ATGTCCTCACAAGAGTCTAC
LbarID_0620,ATGTCGAGAAATAGTGACCC
LbarID_0621,CCAGGTAACTCTACTGAACG
LbarID_0622,CCAGGTAGACAGACATACTC
LbarID_0623,CGTGGGTAAGGTTATCTACA
LbarID_0624,GAGTGTCGAAGTCTGTTACC
LbarID_0625,GTTTATGTACGGCGGATCTA
LbarID_0626,TATGTCTGACGTGATAGTCC
LbarID_0627,TATGTGTACTGATGCTCACG
LbarID_0628,TATGTGTGAGCAGTGTACTC
LbarID_0629,TATTAGATACTGGACTCGCG
LbarID_0630,TGCTGGATATGACTGTCGTA
LbarID_0631,ACTGATGTAAATCCACACCG
LbarID_0632,ACTGCAATAACATATCCGCG
LbarID_0633,AGTGACCCAACATTATAGCG
LbarID_0634,AGTGACGAACATCTAGTACG
LbarID_0635,ATGTCGATAACCTCTGCTAC
LbarID_0636,ATGTCGCCAACGATTTACAC
LbarID_0637,ATGTCGTCACACAGAATACG
LbarID_0638,CCAGGTGTAATAAACGACGT
LbarID_0639,CCAGTCAACTCGTCGATAAG
LbarID_0640,CCAGTCACAATAGTGTACCA
LbarID_0641,CGCATCCTAAGGTAGACTAA
LbarID_0642,CGCATTAGAGACAGATCGAG
LbarID_0643,CGTGTACTACCGAATATGCA
LbarID_0644,GAGTTACACGTCACCATACG
LbarID_0645,GTCATAGCAGCTTAGACCTA
LbarID_0646,GTTTCGGTACATCTGGTAGC
LbarID_0647,GTTTCTGGACGATAGTGACT
LbarID_0648,TATTAGGACGGATGCGTAAC
LbarID_0649,TATTAGTCACTCGCAGTCAC
LbarID_0650,TATTATCTAGTATGCGCGGC
LbarID_0651,ACTGCATGAAAGTGTCTACC
LbarID_0652,AGTGAGATAACCTTACCCAC
LbarID_0653,ATGTGCATACAAGCTACGAC
LbarID_0654,CCAGTGTCAATAAGAGACGT
LbarID_0655,CGCCAAGACCTACATATAGT
LbarID_0656,CGCCACGAATATCACGTAAT
LbarID_0657,CGCCAGACATATCAATCGTA
LbarID_0658,CGTGTATGACAGACTCGTAC
LbarID_0659,CGTGTCTTACAGCACTACAT
LbarID_0660,CGTGTGAGACAGTAGCATAT
LbarID_0661,GAGTTCGACGTGACATAAAC
LbarID_0662,GAGTTGCACGTAGACGATAC
LbarID_0663,GAGTTTAGAATCGTGAGCAC
LbarID_0664,GGACTATCACTACGATCTCG
LbarID_0665,GTCCAGTTACCTAGTACGGA
LbarID_0666,GTTTGAGTAGAGTCGATCCA
LbarID_0667,GTTTGCTACAGGTGGTACTA
LbarID_0668,TATTCGACTGGGAGATCGTA
LbarID_0669,TGGACTACGTGTCTCGATAG
LbarID_0670,ACAGGTATAAAGGTAGTGCC
LbarID_0671,ACTGCTAAATACACTACGCG
LbarID_0672,ACTGCTCCAAATAGATACCG
LbarID_0673,ACTGCTCTAAACTCTTCAGG
LbarID_0674,AGTGCATGAACAGGTGATAC
LbarID_0675,ATGTTATCAACGTCAGCGAC
LbarID_0676,ATGTTCTCACACACACTGGA
LbarID_0677,ATGTTCTTAACGTCCGACAC
LbarID_0678,CCCGAATCAACTGTACTAGA
LbarID_0679,CGCCATACAGCACGATATTA
LbarID_0680,CGCCATCTACACTAAGTTGA
LbarID_0681,CGTGTGGTACAATGATTACG
LbarID_0682,CGTGTTATACCCTCACATGA
LbarID_0683,CGTGTTGAAGGTATCGTACT
LbarID_0684,GATACACTCTCACAGTCAGG
LbarID_0685,GATACATTACTCGACACGCG
LbarID_0686,GGAGAGTAATGTCTGCTACC
LbarID_0687,GTCCATAGACGTTGATACCA
LbarID_0688,TAAACTGTATGTACGGGACC
LbarID_0689,TAAAGTAGTATTAGCGCGGC
LbarID_0690,TAAATCGTATGTAGCAGCGC
LbarID_0691,TGGATTGACTGCGTAGTAAC
LbarID_0692,TGGCGTATAGTTCAGAGTAC
LbarID_0693,TGGCTTCGAGTAGGTATTAC
LbarID_0694,ACTGGACTAAACTCAACTCG
LbarID_0695,ACTGGCTCAAATATCGAGAC
LbarID_0696,ATTAAGCTAACTACGCGACC
LbarID_0697,CCCGACTAACGTGTATAGAC
LbarID_0698,CGTGTTTAAGTGTACGGACA
LbarID_0699,CGTTACTAATCGAGACACGC
LbarID_0700,GATACGAGAGAGGACTCACT
LbarID_0701,GATACTACATCTCAGACCGG
LbarID_0702,GTCCGACACTTCATCGTAAA
LbarID_0703,TAACCCGTGCTACGTGATAT
LbarID_0704,TAACCTCGTCTACATTGTCG
LbarID_0705,TAACGACTGTTCACTCCGAA
LbarID_0706,TCACGTATATTGACTCCGAC
LbarID_0707,TGGGTTTAGCAGTATCGTAC
LbarID_0708,ACAGTCTTAAAGGTCCACAC
LbarID_0709,ACTGTAACACTCGTCAAGAC
LbarID_0710,ACTGTAATAACCAAGCCTCG
LbarID_0711,AGTGCTAGAAATACTCAGCC
LbarID_0712,ATTACACGAACTACGACTCG
LbarID_0713,ATTACCCTAACTACAGACGG
LbarID_0714,ATTACCGCAACTAAGCTACG
LbarID_0715,CCCGTATGAACTGATTCGAC
LbarID_0716,CGTTAGGGAATACTCAGTCA
LbarID_0717,GTCCGCATACGCTATTAGAG
LbarID_0718,TAACGAGTCTTCAGCACGTA
LbarID_0719,TAACGGAGTTGAGCAGTAAC
LbarID_0720,TAACTAGGTTTACGCTCGGA
LbarID_0721,TCACTCATATCGAGCATCGT
LbarID_0722,TCACTCCGACGTATTCGATA
LbarID_0723,TGGTATATCGGTAGATTCGC
LbarID_0724,TGGTCCATACTGTCTCATAC
LbarID_0725,ACATCACCAAAGGTTACTCG
LbarID_0726,ACATCAGTAAAGTAGCTCCC
LbarID_0727,ACTGTAGGAAATCATCGACC
LbarID_0728,ATTACGTGAACGGAGTAGAC
LbarID_0729,ATTACTAGAACGTCCACGAC
LbarID_0730,ATTAGACTACAAGCCACTCG
LbarID_0731,ATTAGAGCAAGAGAGCGTTC
LbarID_0732,CCCTAGACAATCTGAGACGA
LbarID_0733,CGCGAATACATATCCAGACG
LbarID_0734,GATAGTCGAATCGCGGATAA
LbarID_0735,GGATAGACCGAGTGACTTAC
LbarID_0736,TAAGCACGTTTAGAGCTGAC
LbarID_0737,TCAGATAGAGTGCATGAGAC
LbarID_0738,TGGTCTAGCGTGAGTCATAA
LbarID_0739,ACATCTAAATAAGTGCCGCG
LbarID_0740,ACTGTCGCAAATATCACACG
LbarID_0741,ACTGTCTAACACTGTATCCG
LbarID_0742,ACTGTCTGACCAACCAATAG
LbarID_0743,ACTGTTCTAAACGGTTGACC
LbarID_0744,AGTGTCGTACAACCGATTAC
LbarID_0745,GGCTGATTACTCACTGACAC
LbarID_0746,GTCGGTCTACCCTGTATCAT
LbarID_0747,TGTCTGCTAGTATGAGAGCT
LbarID_0748,TGTGAGACTGTGATCTACGT
LbarID_0749,TGTGAGTAGCTGTCCCTATC
LbarID_0750,ACCGACTTAAAGAGCTTACC
LbarID_0751,ATAACTATAACCCGTACCGG
LbarID_0752,ATAACTTAACTACAGGGCCG
LbarID_0753,ATAACTTCAACCCGCGATAG
LbarID_0754,ATAAGCATAACCGATCCTCG
LbarID_0755,ATTGTCAGAACTACTTCGCC
LbarID_0756,ATTGTGTGAACTAGAGGACC
LbarID_0757,CCGATTGTACGAGAGAATGA
LbarID_0758,CTCGATGTACCTACCATGAG
LbarID_0759,CTCGCCACAATGTACTAGAA
LbarID_0760,CTTCATCGAATCATCGTAGC
LbarID_0761,GATTCGCGCATATCACACTA
LbarID_0762,GGCTGTCACCCGATACTATA
LbarID_0763,GTCGTAGTAGCATCAGGTAC
LbarID_0764,GTCGTCAGACTCATGTATCA
LbarID_0765,TACGAGGACGTGGATCTATA
LbarID_0766,TGTGATAGCGTAGGTCATTC
LbarID_0767,ACCGATTGAAAGTACACTCC
LbarID_0768,AGAATACCAACATCCGTTCG
LbarID_0769,ATAAGGTGAACGACATCTCC
LbarID_0770,ATTGTTCTAACTCGACGACC
LbarID_0771,ATTTACTAAGACAGACGCCC
LbarID_0772,ATTTCCTAACGTAGCTGACC
LbarID_0773,CCGCATTGAACTGTACTTAC
LbarID_0774,CGCTAGATACACCACTGATA
LbarID_0775,CGCTAGTAACTTTGACGAAG
LbarID_0776,CTACCGATACGACATCATGG
LbarID_0777,CTACCGTCAAGTCGTACTAA
LbarID_0778,CTCGCGTGAAGTGAGTTTAA
LbarID_0779,CTCGGCTCAATACTGACTAA
LbarID_0780,CTTCGTCAATCAGTGAGAGC
LbarID_0781,GATTCTCTACACTGCCTAGT
LbarID_0782,GATTTGTCAGAAGTGTCGTC
LbarID_0783,TACGAGTGGAGATGACTTCA
LbarID_0784,TCCGTTACGTGATCTCATAC
LbarID_0785,TGTGGTACTGTGATACGATC
LbarID_0786,ATAATCAGAACGACGTGTCC
LbarID_0787,ATAATCATAACCTCGACGCG
LbarID_0788,ATAATCTAACCGACGTACCG
LbarID_0789,ATTTCGTAACTACCGATCCG
LbarID_0790,ATTTCTGTAACGGGAGTGAC
LbarID_0791,ATTTGAGCAACGGTTACGAC
LbarID_0792,ATTTGTAACTAGACCACGCG
LbarID_0793,CCGCGTATAGACAGATATGA
LbarID_0794,CGCTATACAGGACTAGAGAC
LbarID_0795,CGCTATCTAAGTACCGACAT
LbarID_0796,CTACCTAATCGACAGCAGAG
LbarID_0797,CTTCGTTCAAGTTGGTAGAC
LbarID_0798,GCAATGGTAGTACGGATCAC
LbarID_0799,GTCGTCTTACGCATTCCTAG
LbarID_0800,GTCGTGACAGTGATGTACTC
LbarID_0801,TACGCCGTCTGACCTAATAG
LbarID_0802,TACGCGATGTTCAGAGAAGA
LbarID_0803,TCCTATGACTATTACGGTGC
LbarID_0804,TGTTACAGCGTCGGATAGTA
LbarID_0805,AGACCGTAACATAAGTCCCT
LbarID_0806,ATAATGCTAACGACCAGTCC
LbarID_0807,ATAATGTCAACGACGCTACC
LbarID_0808,ATACACTAACCTATCGACGG
LbarID_0809,CAAACTCTAAGACAGTGTGC
LbarID_0810,CGCTCCATACCAGATAGTAG
LbarID_0811,CTACGAGTAAGTCCATCGAA
LbarID_0812,CTCGTAGTACACAGTCGTAG
LbarID_0813,CTCGTATTAAGTGCGCTACC
LbarID_0814,CTTCTATGACAGATGCCGAC
LbarID_0815,CTTCTCGCACATCAGTTAGA
LbarID_0816,GCAATGTAGTCGAAGTGTCT
LbarID_0817,GCAATGTCAGTACAGTCACT
LbarID_0818,GGGTATAGAGCATCGTACTC
LbarID_0819,GTCGTTAGAGACGTTAGCAT
LbarID_0820,TACGCGGAGTGATGACTTAA
LbarID_0821,TACGCGGTACGATTTCTGAA
LbarID_0822,TGTTATATCGGCGAGAACTC
LbarID_0823,AGACCTGAACATAACTTCGC
LbarID_0824,ATACAGATAACTAGCTCGCC
LbarID_0825,ATACAGCCACACACTATGGT
LbarID_0826,ATACAGCGACATACACGTCT
LbarID_0827,ATACAGTCAACTACATCGCG
LbarID_0828,CAACATAGTTACACACGCTG
LbarID_0829,CAACATATCATAAGCGCGTC
LbarID_0830,CAACGAGAATACAGTCTGCG
LbarID_0831,CTACGCTTACACGCTATGAG
LbarID_0832,CTCGTCCAATATCTCGATGA
LbarID_0833,CTTGAATTACGATACGACGC
LbarID_0834,CTTGACAGCTACTACCAGTG
LbarID_0835,GCACATATCTAGCGACATCT
LbarID_0836,GGGTTAAGTGTTCGTACCTA
LbarID_0837,GGGTTATACCATGTCGTACT
LbarID_0838,GTCTACACGTCTCTACGATG
LbarID_0839,TACGCTGAGTCATCCGAATA
LbarID_0840,TACGCTTTACTATACTCGGG
LbarID_0841,TCCTGTATATCGTATCGCAG
LbarID_0842,TCCTTCGTACTCTAGTCGAG
LbarID_0843,TGTTTACGTTGTCGCAGAAC
LbarID_0844,TTAAGTTAGTGGAGCGTCTC
LbarID_0845,TTACCACCGTCTCGATGTAT
LbarID_0846,AGACGTGTAAATCGTAACCC
LbarID_0847,ATACATCGAACGACCTATCG
LbarID_0848,ATACCAGAAGCAACTCTCGT
LbarID_0849,ATACCAGTAACGATAGCTCC
LbarID_0850,CAACGCAGGTGAACGTATAT
LbarID_0851,CAACGCTTCTACAACTGAGT
LbarID_0852,CAACTACAGTACACAGCGTG
LbarID_0853,CGCTGAACTTGTCTACAGAT
LbarID_0854,CGCTGACAATCGGATAGAAC
LbarID_0855,CTACGGCAATAGCACTTACG
LbarID_0856,CTACGGCTAAGGGTCTAGTA
LbarID_0857,CTTGATTAAGTGCTGTACGC
LbarID_0858,CTTGCGTCAATAGTCTGAGA
LbarID_0859,GCACGCTTACATCGTACTAG
LbarID_0860,GGGTTTACATCTCTCGACAC
LbarID_0861,GGTACACTCCATCACGTTAT
LbarID_0862,GTCTACTACTCCTCAGGGTA
LbarID_0863,GTCTAGGGACGATTGTATCA
LbarID_0864,TACGGATTGAGATGACTGTC
LbarID_0865,TCGAATGTCGTGCATAGGTA
LbarID_0866,TTACGTGTTGAGAGTGTCAC
LbarID_0867,TTACTACCTGTTCACTGGAC
LbarID_0868,AGACTATAACCAGACCTCGG
LbarID_0869,ATACCTACAACGACTTACGG
LbarID_0870,ATACCTCTAACGAACTGACG
LbarID_0871,CAAGAACTGTTACACATCGC
LbarID_0872,CGCTGTACCAGTAGATACGA
LbarID_0873,CTCTAAGTATTGGACACGCA
LbarID_0874,CTTGGTATAGACTGAGAGCA
LbarID_0875,CTTGGTCGAGACTACCCATA
LbarID_0876,CTTGTCATACACTCTACGGA
LbarID_0877,GCACTAGGACATCTGATACA
LbarID_0878,GGTACGTTAGCAGAGTCTAT
LbarID_0879,GGTACTCACTGCACACTATA
LbarID_0880,GTCTATCACGCTAGTCGATC
LbarID_0881,TACGGTAGATACTGAGCTGA
LbarID_0882,TACGGTATATGACGGAGTCT
LbarID_0883,TTACTGTCTATGCGATCCGA
LbarID_0884,ATACGATTAACGACTCGGAC
LbarID_0885,CAAGGTCGAAGAAGTAGTCC
LbarID_0886,CAAGGTGAACTCAGTACACG
LbarID_0887,CAAGTAGTAAGACGACGTGC
LbarID_0888,CAAGTCCTAAGACAGCTACG
LbarID_0889,CTCTATAAGGCGTGAGAACC
LbarID_0890,TTAGGTCGATTGATAGTCGC
LbarID_0891,AGAGACATAACTACCCTCGG
LbarID_0892,ATACGGAGAACGAGGATCTT
LbarID_0893,CAATACGTCAGAAGAGCGTC
LbarID_0894,CAATCACCAAGAGTACGTCG
LbarID_0895,CAATGCGAACTCACTAGACG
LbarID_0896,CTACTGCAAGTCACGTTACA
LbarID_0897,CTCTCGACAATGTTCACGAA
LbarID_0898,CTTTACATACTTATCGGCGC
LbarID_0899,CTTTATCAATCGCGCTACGA
LbarID_0900,CTTTCACGACAGTTACATCG
LbarID_0901,GTCTCCTCAGATACGTGATC
LbarID_0902,GTCTCGACATCTCTGCATAG
LbarID_0903,TACGTCTTACTATTCGCACG
LbarID_0904,TACGTGAGATGATGATCGCT
LbarID_0905,TCGAGCTACTTATCCTACGT
LbarID_0906,TTAGTCGAGTCTATGAGCCC
LbarID_0907,TTAGTGCAGTATTAGTCGCG
LbarID_0908,ATCGTAACCTCATTCAACGG
LbarID_0909,ATCGTGTCACAAGATAAGGG
LbarID_0910,ATCTAAGAAGACATGCTCGG
LbarID_0911,ATCTCAGCAACCTTCAGTAG
LbarID_0912,ATCTCATAAGAATGGACGCG
LbarID_0913,ATCTGACAAGAATATCGGCG
LbarID_0914,ATCTTTAGACAACTGTGCCG
LbarID_0915,ATGAACGCCATTACAACTCG
LbarID_0916,ATGGCTTTAACTCTCACACG
LbarID_0917,ATGTAACGCTATTGAAGCCG
LbarID_0918,ATGTTTAGAACGTCATCCCG
LbarID_0919,ATTACTTTAACTTCGCCGCG
LbarID_0920,ATTAGCTCACATAACTCGGG
LbarID_0921,ATTAGGCAACTACATACCCG
LbarID_0922,ATTATAGTAACTCCCACCGG
LbarID_0923,ATTCCCAGAAACTGAGTACG
LbarID_0924,ATTCCCTAACGCTTGATACG
LbarID_0925,ATTCCTAGAACCTCTTGTCG
LbarID_0926,ATTCCTGGACAACTAGATCG
LbarID_0927,ATTCGTCTACAAACAACGGG
LbarID_0928,ATTCTGACACAATCATCGCG
LbarID_0929,ATTGACTCACAAGATGCACG
LbarID_0930,ATTGTAAGAAGTGCTACCCG
LbarID_0931,ATTTATCAACTCCACGACGG
LbarID_0932,CAACAAACGACTATTCCGTG
LbarID_0933,CAACTCATAAGACATCTGCG
LbarID_0934,CAAGACAGAATACTCTCCGG
LbarID_0935,CAAGTAAGAATCTACCGCCG
LbarID_0936,CAATCTTTAATACGCACGCG
LbarID_0937,CAATGCTTAATACCGACACG
LbarID_0938,CACATAAATACTGATCCGCG
LbarID_0939,CACATTCCAAGAGACTACGG
LbarID_0940,CACATTGAACTATCACACGG
LbarID_0941,CACCCGGAACTACTATGAAG
LbarID_0942,CACCCGTCAAGAATATAGCG
LbarID_0943,CACCGCTGAAGACCTTATAG
LbarID_0944,CACGCTAGACACCAATATGG
LbarID_0945,CACTATTTAATCACAGCGCG
LbarID_0946,CACTCTGAAGATGAAGGACG
LbarID_0947,CAGATAAGCATACAGCCTCG
LbarID_0948,CAGGCCCGAAGATAGTATAG
LbarID_0949,CATCAAATACTTAGACCGCG
LbarID_0950,CATCGCAGACAATGTAATCG
LbarID_0951,CATGGCGTACCAATACCTAG
LbarID_0952,CCAATTACAGACACTAGCGG
LbarID_0953,CCACAATCATAGACAGTCGG
LbarID_0954,CCACAGTCAATACAGCTAGG
LbarID_0955,CCCTTTCGACCGTAAGTAAG
LbarID_0956,CCGACATCAATATACATGCG
LbarID_0957,CCGACCTGACAATCATGTAG
LbarID_0958,CCGAGCACAATATCTCAGAG
LbarID_0959,CCGTTATCACAAGTTATGCG
LbarID_0960,CCGTTCTTAACTTTAGCACG
LbarID_0961,CCTAATGGACAATAGCGACG
LbarID_0962,CCTTCGGTAAGTAAACAACG
LbarID_0963,CCTTTCGCAAGTAATCTACG
LbarID_0964,CGACATACATCACAATTCGG
LbarID_0965,CGATCATGCACTACAATTCG
LbarID_0966,CGCAGAACTTGTATCAATCG
LbarID_0967,CGCAGACCACCTAATAGATG
LbarID_0968,CGCCTCCAATATACAGAGTG
LbarID_0969,CGCTTTCGACCCTTAGATAG
LbarID_0970,CGGGATCTACAGCATCATAG
LbarID_0971,CGGTGAATACATGCTAATCG
LbarID_0972,CGTAGTTTACAATTCCCACG
LbarID_0973,CGTTATCTAATCACATGCCG
LbarID_0974,CGTTCATTACATATCAGCCG
LbarID_0975,CGTTCCCAATAGTCAGACAG
LbarID_0976,CGTTCTTTAATGAGCGACAG
LbarID_0977,CGTTTGACACATCTCACATG
LbarID_0978,CTAATACCACCCAGTGTGAG
LbarID_0979,CTACATTGAATTACCACGCG
LbarID_0980,CTACCATAAGTGAGCCACAG
LbarID_0981,CTATTAACGTGTGGGACCAG
LbarID_0982,CTCATACAGTCCAATCGAGG
LbarID_0983,CTTACAATGTTGAGCACACG
LbarID_0984,CTTATCACAGCATCCGAGAG
LbarID_0985,CTTCCGATACCATCTGAGAG
LbarID_0986,CTTCTAATACTGCGACCAGG
LbarID_0987,CTTGATCGACAGATTATGCG
LbarID_0988,CTTTCTGCACACGATCTTAG
LbarID_0989,GAACTCTGTTGACCACCTAG
LbarID_0990,GAAGATTTCGTAATGACGCG
LbarID_0991,GACAACTCGCCCTAGATATG
LbarID_0992,GACATTCCAATACTTCGTCG
LbarID_0993,GACTTCACAATTCTGACTCG
LbarID_0994,GAGACGCAATGTGAATTACG
LbarID_0995,GAGCGATGAATATCTTGACG
LbarID_0996,GAGGCTTACCTAGAAGACAG
LbarID_0997,GAGTCTTCAATGCTCCTACG
LbarID_0998,GATATGAGAGCATCAGCACG
LbarID_0999,GATCCACTAGCATGACATCG
LbarID_1000,GATTACTGACCAGCATCGAG
LbarID_1001,GATTGTCACGAATGTCGATG
LbarID_1002,GCACCCTGACATATCGTTAG
LbarID_1003,GCACGATCATCTACATCTGG
LbarID_1004,GCACTCATAATGCTCTAGCG
LbarID_1005,GCCAGTCTACCCTATGTTAG
LbarID_1006,GCCTGCTTACATCTGACTAG
LbarID_1007,GCGACTAATGCTTATTCACG
LbarID_1008,GCGATAGAATTATGTCACCG
LbarID_1009,GCGCTCTTACCATTGAGTAG
LbarID_1010,GCGTGCGAATTATGTATCAG
LbarID_1011,GCTCGCTAATTCTCCGATAG
LbarID_1012,GGACTAGCATAGATGATCCG
LbarID_1013,GGTAATGTTCGCTAATGTCG
LbarID_1014,GGTATTTGACACTGTGATCG
LbarID_1015,GGTGTCTAATTGTATGCACG
LbarID_1016,GGTTCGTAATCTCCATGACG
LbarID_1017,GTAACTTGTTTGACAGTGCG
LbarID_1018,GTACGTTCACCCATTGCTAG
LbarID_1019,GTATCATTAGCTCCGCAGAG
LbarID_1020,GTATGCTTAGATATGCAGCG
LbarID_1021,GTCCATATACCGCATGACTG
LbarID_1022,GTCTTTCACTAGCCTCGATG
LbarID_1023,GTGCTGTAGAAATAAACGCG
LbarID_1024,GTGTATCCAGACCTTCATCG
LbarID_1025,GTTATTACCTGATGCGACGG
LbarID_1026,GTTCCTCTACATTGCTGACG
LbarID_1027,TAAACCTTATCTCACGTCGG
LbarID_1028,TAAACTTACTTGACGGACGG
LbarID_1029,TAAATATCGTATAGGCGGCG
LbarID_1030,TAACAAGTTTACCTGCGTCG
LbarID_1031,TAACACCTCCCGATAGTGAG
LbarID_1032,TAACCATGATTTACGTCGCG
LbarID_1033,TAACTCATCTTACTGACGGG
LbarID_1034,TAAGTTTACTGAGAGTCCGG
LbarID_1035,TACACTATCTTCAGGCACTG
LbarID_1036,TACCATTTCTCACGTTACGG
LbarID_1037,TACCTTTCAGCACTGTATCG
LbarID_1038,TACTTACTGCATATTCCGCG
LbarID_1039,TACTTATACTTCCAGCACGG
LbarID_1040,TAGCACCACTCTACTTGAGG
LbarID_1041,TAGCGATACTCATGGCATAG
LbarID_1042,TAGGACCACGTTTCAGATAG
LbarID_1043,TAGGATACCTTAGTCCCACG
LbarID_1044,TAGTTATTACTTAGGCGGCG
LbarID_1045,TATAACTGTGTTCAGAGGCG
LbarID_1046,TATAATACCTTCTAGCGCGG
LbarID_1047,TATACACCCTTCCGTAGGAG
LbarID_1048,TATACATGCTTCGATCACCG
LbarID_1049,TATACTTCACTCTCATGGCG
LbarID_1050,TATATTCACTACCTGCTGCG
LbarID_1051,TATGACTTACTCTCCAGCAG
LbarID_1052,TATGATCTACTCCACTTGCG
LbarID_1053,TATTATTTACTCCGCGACCG
LbarID_1054,TATTTAGCATCGCTCACTCG
LbarID_1055,TATTTATACTGCGAGCGAGG
LbarID_1056,TCACACTTGCATATAGTCGG
LbarID_1057,TCACTCTATACGCCTTATGG
LbarID_1058,TCAGGATTAGTGACTGCTAG
LbarID_1059,TCAGGGTTACGTCTATTCAG
LbarID_1060,TCATAGTTACTTCAGCGGAG
LbarID_1061,TCATTGTACTGCTAGATCGG
LbarID_1062,TCCAGATTACTGTATCAGCG
LbarID_1063,TCCAGCATATACGTTATCCG
LbarID_1064,TCCCATGTACTTATATCGCG
LbarID_1065,TCGATAATCTTTGTAGCGCG
LbarID_1066,TCGTCACTATCTTGCATCAG
LbarID_1067,TCGTTGATACGGTTATGCAG
LbarID_1068,TCTCTACTATCTGTCCAGGG
LbarID_1069,TCTTATAGAGTGAGCACAGG
LbarID_1070,TCTTCATACTCTCTGCGAGG
LbarID_1071,TGAAGCTACTTGAGTCATCG
LbarID_1072,TGAGGATACGTTATGACCAG
LbarID_1073,TGATCTCTACGTTGATGGAG
LbarID_1074,TGATGACTGTAGTGCATTCG
LbarID_1075,TGCGGCCTACTCTCTAATAG
LbarID_1076,TGTACTATCTTAGGCCACTG
LbarID_1077,TGTATAGCATGGTTCACTCG
LbarID_1078,TGTATAGGATTATGTCCGCG
LbarID_1079,TGTATCGACTGATGTTCCAG
LbarID_1080,TGTATGCGATGATATGTCCG
LbarID_1081,TGTTCTATATCTGGAGCGAG
LbarID_1082,TTACACTCCTCGCTATTGAG
LbarID_1083,TTACTTTCAGGTAGCGTGAG
LbarID_1084,TTAGAGTCTTAGGCATGTCG
LbarID_1085,TTATACTCGTTATCCGCCAG
LbarID_1086,TTATCTGCATGAGTAGGTCG
LbarID_1087,TTATGACCGTCTTCTCAACG
LbarID_1088,TTCACTCAGTCGGATGATAG
LbarID_1089,TTCAGTCTAGGGTATATGCG
LbarID_1090,TTCTAGTTAGTATGGCGCAG
LbarID_1091,TTCTATTTAGCGTAGGAGCG
LbarID_1092,TTCTGAGCCTCGGATACTAG
LbarID_1093,AACCTGTGAAACCTACCAGT
LbarID_1094,AAGGGACTAAAGAGCTGTCT
LbarID_1095,AATACCCTAAACTCCGAGGT
LbarID_1096,ACAGCTAAATAAGCCTCCGT
LbarID_1097,ACAGGCGGAAAGATAGTTCT
LbarID_1098,ACGGAGAAATAGACTTCCCT
LbarID_1099,AGAGTTGAACAGCATACCCT
LbarID_1100,AGCTCGAAATAGCCATACCT
LbarID_1101,AGTGTTAAGCCAGAAGACCT
LbarID_1102,ATAACCTGATCGAACCCAGT
LbarID_1103,ATCCCACGAACGATGAATCT
LbarID_1104,ATCCCTACACAACTGGGTAT
LbarID_1105,CAACCGTCCTCAAGAATAGT
LbarID_1106,CACAATAAGATCACGCCGTT
LbarID_1107,CACAGAAGCTAAGACCTTGT
LbarID_1108,CACTTCAGAATACCACAGGT
LbarID_1109,CAGCAACGTGGATCAACTAT
LbarID_1110,CAGCTTACAGAAGGTGAGAT
LbarID_1111,CAGTCTTGACCAACAACGAT
LbarID_1112,CATAAGATGTAGGAAGCCGT
LbarID_1113,CCAAGACGAGATAATCCTCT
LbarID_1114,CCATCGTAAGCATCGCTAAT
LbarID_1115,CCGAGTATAGCACAATCCAT
LbarID_1116,CCGGATAGACAATTAGACCT
LbarID_1117,CCTATGGTAAGCCCTCTAGT
LbarID_1118,CCTCAAGGACATTACAGACT
LbarID_1119,CGAATCAATTAGACGACCCT
LbarID_1120,CGAGGTGGACATAAGTTCAT
LbarID_1121,CGATTAGAAGGGAGTACCAT
LbarID_1122,CGCACGATAATCAGCAATCT
LbarID_1123,CGCAGATGAAGGTAGACATT
LbarID_1124,CGCCTATGACCAATTCTAGT
LbarID_1125,CGCTTAATGGAGACGAAGTT
LbarID_1126,CGGAAGTCACAGTAATGGAT
LbarID_1127,CGGCTTGAATAGACGAGAAT
LbarID_1128,CGGGACATAATTGACACAGT
LbarID_1129,CGGTCTCGAAGCAAAGATAT
LbarID_1130,CGGTGGAGACCAGATTATAT
LbarID_1131,CGGTTGTCACCAATCACTAT
LbarID_1132,CGTATAAGCCCACCAGTATT
LbarID_1133,CGTCGCCAATATGATCGAAT
LbarID_1134,CTATCCAAGTGCCTACAAGT
LbarID_1135,CTCCGCTAATAGAGCTGAAT
LbarID_1136,CTGGAGTGACAGCTAATGAT
LbarID_1137,CTTCACACAGCCTTAGAGAT
LbarID_1138,CTTCGTTGACAATGGTCGAT
LbarID_1139,CTTCTCAATCAGCTCTAGGT
LbarID_1140,CTTGCGTGACAGATGGATAT
LbarID_1141,CTTGGGAGACAGTATGATCT
LbarID_1142,GAAGGACCGGAGACATCTAT
LbarID_1143,GAATCATTAGCCACACGACT
LbarID_1144,GACATACGGCCATACATCTT
LbarID_1145,GACCGACCAGCCTATATTAT
LbarID_1146,GACGGCAGAATGCAGTATAT
LbarID_1147,GACTGCTGACATCATCCTAT
LbarID_1148,GAGAATAGCCTAGAATCGGT
LbarID_1149,GAGGCAGGAGTACATCTAAT
LbarID_1150,GAGGTATCAGCAATGTAGCT
LbarID_1151,GATTCCGGCATATAGAGAGT
LbarID_1152,GCAATGAGTTGACGAGACTT
LbarID_1153,GGAGAGGTACGTTCAATTCT
LbarID_1154,GGATTCGTACCACCTATCAT
LbarID_1155,GGCGTGAGAGCATTATATCT
LbarID_1156,GGGAGCGTAGATCACATTAT
LbarID_1157,GGTCGAGCATGATAGCTTAT
LbarID_1158,GGTTAGAGAGAGTTCCACCT
LbarID_1159,GTAAGGTAGGTGACATTCCT
LbarID_1160,GTAATCCGCTCCACTGATAT
LbarID_1161,GTAGGATAATTGGTCGCACT
LbarID_1162,GTAGGGCACTAGATTAGCTT
LbarID_1163,GTAGTTCCAGAGCAGGTATT
LbarID_1164,GTATCATCAGATCGGAGCAT
LbarID_1165,GTATGCCTACATTCCCTAGT
LbarID_1166,GTATGTGGAGAGCCTATCAT
LbarID_1167,GTCATGTTACCTGAGGAGAT
LbarID_1168,GTCTTGGCAGAGATCGTATT
LbarID_1169,GTGGTAGCAGCATAGCTTAT
LbarID_1170,TAAGTGGACTGAGCGCATAT
LbarID_1171,TAATGCAGGTGACTAGGTCT
LbarID_1172,TAATGGTTCCGACTACTCCT
LbarID_1173,TACATCTGCGGAGAGAGTTT
LbarID_1174,TACTATGACTCAGGCGGAAT
LbarID_1175,TACTGATAGCATGGGACGTT
LbarID_1176,TAGAAGGTGCGGATCACTAT
LbarID_1177,TAGAATAGTGGGTAGTCCCT
LbarID_1178,TAGATGTCAGGAGATGCTCT
LbarID_1179,TAGGCAGACTATGGTAGCAT
LbarID_1180,TATCAGTGACGGCGGATTAT
LbarID_1181,TATCATAGATGCGGACGGAT
LbarID_1182,TATGGTCTAGGAGGTCATCT
LbarID_1183,TATTATGGACGCGGTCAGAT
LbarID_1184,TATTCTGGACTAGGTGCAGT
LbarID_1185,TCATACTCATGTGCAGCTCT
LbarID_1186,TCCCTGATAGACTTTGACGT
LbarID_1187,TCGACGTGATGGGATTCTAT
LbarID_1188,TCGGAGAGCGATTGATCTAT
LbarID_1189,TCGGTTCGAGGATCTGATAT
LbarID_1190,TCGTATATCCCATGCGATCT
LbarID_1191,TCTATTTACGGGTGGAGACT
LbarID_1192,TCTGAGATGATATAGGCGCT
LbarID_1193,TGAGATTGACGTGTGCCTAT
LbarID_1194,TGATATGTATGCCGAGCGAT
LbarID_1195,TGCGAGGACTGTAGCTTAAT
LbarID_1196,TGCGCGGAGATGTCTATATT
LbarID_1197,TGCTGATTAGCGATGTAGCT
LbarID_1198,TGGATGAGAGTCGTTCCTAT
LbarID_1199,TGTGCTGACTTAGGTCGAAT
LbarID_1200,TTACAGTAGTCTGCATCCCT
LbarID_1201,TTAGGTGGATAGCTCGTCAT
LbarID_1202,TTATTACGGGCTGCGAGTAT
LbarID_1203,TTCGCAGTATGGATCGGTAT
LbarID_1204,AGATCCTGAAATCGCTGACA
LbarID_1205,AGCTCAGGAAATTCTAGCGA
LbarID_1206,AGGTCTTCAACATGAGGACA
LbarID_1207,AGTCCCTGAACATCCTTAGA
LbarID_1208,ATCCAGGGAACCTTACTACA
LbarID_1209,ATGCCTATAACCTTCCGAGA
LbarID_1210,ATGGTGTGAACCTTCTCAGA
LbarID_1211,ATTATCTCAACGGAGGAGCA
LbarID_1212,CAACCTGGTGGAACTACATA
LbarID_1213,CACTCTTGAAGCTAAGCACA
LbarID_1214,CAGGGATGAAGAGTTCTACA
LbarID_1215,CAGGGTTCAAGAGTGATACA
LbarID_1216,CAGTGATCCCAATACATCGA
LbarID_1217,CAGTGTCTAAGCATCAGGAA
LbarID_1218,CATCCGCTAAGATCGGTTAA
LbarID_1219,CATCGCCAACTCTGTAGAAA
LbarID_1220,CATTCGTCAAGCACTTCAGA
LbarID_1221,CATTCTTGAAGGACAGACGA
LbarID_1222,CCAACGTGATCTAAGCCTAA
LbarID_1223,CCAGTAACTTGCACTAAGGA
LbarID_1224,CCAGTGGTAATAATCCGACA